[
  {
    "customer_id": 201,
    "first_name": "John",
    "last_name": "Doe",
    "email": "johndoe@example.com",
    "phone": "123-456-7890",
    "address": "123 Main St, Springfield, IL, 62701"
  },
  {
    "customer_id": 202,
    "first_name": "Jane",
    "last_name": "Smith",
    "email": "janesmith@example.com",
    "phone": "234-567-8901",
    "address": "456 Oak St, Chicago, IL, 60601"
  },
  {
    "customer_id": 203,
    "first_name": "Alice",
    "last_name": "Johnson",
    "email": "alicejohnson@example.com",
    "phone": "345-678-9012",
    "address": "789 Pine St, Champaign, IL, 61820"
  },
  {
    "customer_id": 204,
    "first_name": "Bob",
    "last_name": "Lee",
    "email": "boblee@example.com",
    "phone": "456-789-0123",
    "address": "101 Maple St, Peoria, IL, 61602"
  }
]
